implementation,case_id,family,depth,width,repeat,pair_order,criterion_name,mean_seconds,mean_lb_seconds,mean_ub_seconds,stddev_seconds,stddev_lb_seconds,stddev_ub_seconds
shallow,constr-d1-w1,constr,1,1,1,1,shallow/constr-d1-w1,3.6482653161887613e-7,3.5444981572515684e-7,4.0219246492557045e-7,4.0563653059353475e-8,1.0368419020497253e-8,7.636243893330952e-8
nested,constr-d1-w1,constr,1,1,1,2,nested/constr-d1-w1,3.683029844350577e-7,3.681816579313119e-7,3.684080031290688e-7,2.483996434311606e-10,1.8930960773636042e-10,3.343046560946929e-10
shallow,constr-d1-w4,constr,1,4,1,1,shallow/constr-d1-w4,3.634319952954564e-7,3.612088754464213e-7,3.734430363118664e-7,8.300230146166965e-9,1.0862009459113663e-9,1.667141107364659e-8
nested,constr-d1-w4,constr,1,4,1,2,nested/constr-d1-w4,3.921694209467316e-7,3.9119752747836354e-7,3.9485102103340445e-7,2.9689924952881067e-9,5.18520476606255e-10,5.155437122653472e-9
shallow,constr-d1-w16,constr,1,16,1,1,shallow/constr-d1-w16,3.942126542093577e-7,3.936636416727999e-7,3.955861329620596e-7,1.7570737995544923e-9,7.339523148324984e-10,3.0827704086649293e-9
nested,constr-d1-w16,constr,1,16,1,2,nested/constr-d1-w16,4.671310432318898e-7,4.6699403044401857e-7,4.67246628006884e-7,2.7318034493029883e-10,1.9171103125779586e-10,4.040702981357853e-10
shallow,constr-d4-w1,constr,4,1,1,1,shallow/constr-d4-w1,5.460368191792183e-7,5.455816773984758e-7,5.470784075680921e-7,1.363902134055892e-9,7.348571771315704e-10,1.9129865109067024e-9
nested,constr-d4-w1,constr,4,1,1,2,nested/constr-d4-w1,4.4241922453235486e-7,4.420626150457779e-7,4.4284774239785115e-7,7.82187833092021e-10,6.124695945163403e-10,9.399044801074372e-10
shallow,constr-d4-w4,constr,4,4,1,1,shallow/constr-d4-w4,5.932502904196008e-7,5.926549624988965e-7,5.938344915092887e-7,1.2305486758615647e-9,9.216926934187846e-10,1.6983575269234666e-9
nested,constr-d4-w4,constr,4,4,1,2,nested/constr-d4-w4,5.247555316931114e-7,5.245032227267814e-7,5.250670008007088e-7,6.148631346529305e-10,4.039727399858975e-10,9.553660431773816e-10
shallow,constr-d4-w16,constr,4,16,1,1,shallow/constr-d4-w16,7.376361124003353e-7,7.371590407348501e-7,7.381614951269433e-7,1.1490733264063986e-9,9.368167502752058e-10,1.3834839150784165e-9
nested,constr-d4-w16,constr,4,16,1,2,nested/constr-d4-w16,8.363665960461837e-7,8.360644388618652e-7,8.367455882136581e-7,7.114568297692945e-10,5.083759441875252e-10,9.082320696698168e-10
shallow,constr-d16-w1,constr,16,1,1,1,shallow/constr-d16-w1,1.2184747876361973e-6,1.2169251892098805e-6,1.2195896000845221e-6,2.800133002362822e-9,1.6289401167848615e-9,3.904525721859887e-9
nested,constr-d16-w1,constr,16,1,1,2,nested/constr-d16-w1,8.219824033165187e-7,8.212560294437741e-7,8.237728600003049e-7,2.3222635103333256e-9,8.658410162316459e-10,4.385621344086648e-9
shallow,constr-d16-w4,constr,16,4,1,1,shallow/constr-d16-w4,1.4136143323034364e-6,1.410911331851214e-6,1.416313654826486e-6,5.907609795256033e-9,4.0748949121295876e-9,8.690277378058577e-9
nested,constr-d16-w4,constr,16,4,1,2,nested/constr-d16-w4,1.1318107690878529e-6,1.1299341285345368e-6,1.133362098791166e-6,3.6325972419140175e-9,2.9011682297242887e-9,4.384605988767398e-9
shallow,constr-d16-w16,constr,16,16,1,1,shallow/constr-d16-w16,2.171132803185015e-6,2.1706384568985107e-6,2.1717609844665873e-6,1.282482248233055e-9,9.271083880937948e-10,1.9175622271146637e-9
nested,constr-d16-w16,constr,16,16,1,2,nested/constr-d16-w16,2.4618662172813677e-6,2.461033247983648e-6,2.4629480017973033e-6,1.9593923244732895e-9,1.3919405692836563e-9,2.542409633181576e-9
shallow,list-d1-w1,list,1,1,1,1,shallow/list-d1-w1,3.469470127938838e-7,3.4665429327347523e-7,3.4723489927894516e-7,6.218947478765563e-10,4.940503151389104e-10,7.991387517339401e-10
nested,list-d1-w1,list,1,1,1,2,nested/list-d1-w1,3.631325606585409e-7,3.628231628399669e-7,3.635246804488234e-7,7.541448373648749e-10,5.498202904524431e-10,1.128157770742235e-9
shallow,list-d1-w4,list,1,4,1,1,shallow/list-d1-w4,3.568740455027919e-7,3.5655163684851097e-7,3.5726781410229514e-7,7.759636829282534e-10,6.546519946361277e-10,9.895759300097662e-10
nested,list-d1-w4,list,1,4,1,2,nested/list-d1-w4,3.832339556739535e-7,3.8293990890160537e-7,3.8360477778972385e-7,7.187692821155223e-10,5.713020528331575e-10,9.46696583344059e-10
shallow,list-d1-w16,list,1,16,1,1,shallow/list-d1-w16,3.9064994529709086e-7,3.904560961591606e-7,3.9090404419414063e-7,4.800707087894547e-10,3.3220648075236576e-10,6.742427824712398e-10
nested,list-d1-w16,list,1,16,1,2,nested/list-d1-w16,4.633646955654706e-7,4.621587186282863e-7,4.6906137240796785e-7,4.5748889499078295e-9,5.055012337454364e-10,9.068739446734684e-9
shallow,list-d4-w1,list,4,1,1,1,shallow/list-d4-w1,5.132567797826356e-7,5.11095704215272e-7,5.150531368315098e-7,4.363587205835885e-9,3.6643696816408985e-9,4.9173210108621975e-9
nested,list-d4-w1,list,4,1,1,2,nested/list-d4-w1,4.25911022459698e-7,4.255228295598216e-7,4.2634862084233136e-7,8.953019958308516e-10,7.315757096153009e-10,1.142420772261133e-9
shallow,list-d4-w4,list,4,4,1,1,shallow/list-d4-w4,5.617430969700261e-7,5.61390405856785e-7,5.623074064855386e-7,9.626751421792053e-10,6.387267460858908e-10,1.3787332197989642e-9
nested,list-d4-w4,list,4,4,1,2,nested/list-d4-w4,5.059187756312957e-7,5.056699886590097e-7,5.062174609867346e-7,5.758782363732257e-10,4.2473476312658875e-10,7.554401262492384e-10
shallow,list-d4-w16,list,4,16,1,1,shallow/list-d4-w16,7.180309170111539e-7,7.173950501513979e-7,7.19342632309585e-7,2.092483303531591e-9,9.948358223729866e-10,3.4980783673618993e-9
nested,list-d4-w16,list,4,16,1,2,nested/list-d4-w16,8.190243915516592e-7,8.188325417674951e-7,8.192733684714936e-7,4.916401378208671e-10,3.7967756595699713e-10,6.476737990863921e-10
shallow,list-d16-w1,list,16,1,1,1,shallow/list-d16-w1,1.1787174778559183e-6,1.1755520067825729e-6,1.1881090089166275e-6,1.04247647531965e-8,4.334323367987418e-9,1.8927022373750825e-8
nested,list-d16-w1,list,16,1,1,2,nested/list-d16-w1,7.643522848891448e-7,7.640847646440367e-7,7.646159680066297e-7,5.595467867926357e-10,4.071688861482566e-10,7.600321497989847e-10
shallow,list-d16-w4,list,16,4,1,1,shallow/list-d16-w4,1.3197386667934271e-6,1.3182884427527749e-6,1.3213151370857465e-6,3.407431440756096e-9,2.8563633258343122e-9,4.229989551087994e-9
nested,list-d16-w4,list,16,4,1,2,nested/list-d16-w4,1.0696841429130274e-6,1.069155734367734e-6,1.0702095311885507e-6,1.1563503336969113e-9,9.13606062555756e-10,1.5414643738549584e-9
shallow,list-d16-w16,list,16,16,1,1,shallow/list-d16-w16,2.1293867142572543e-6,2.1274782361356203e-6,2.130694817307414e-6,3.307255993120942e-9,2.3128671170054276e-9,4.500862148687365e-9
nested,list-d16-w16,list,16,16,1,2,nested/list-d16-w16,2.401317904156945e-6,2.400332627943844e-6,2.4021953035077286e-6,2.025386261308793e-9,1.4963532729703435e-9,2.8841856677230535e-9
shallow,alternating-d1-w1,alternating,1,1,1,1,shallow/alternating-d1-w1,3.486422106929797e-7,3.484080838482585e-7,3.4889206973574207e-7,5.063301842951518e-10,3.8946543926747724e-10,6.815925804471902e-10
nested,alternating-d1-w1,alternating,1,1,1,2,nested/alternating-d1-w1,3.687351970055789e-7,3.6855587401176283e-7,3.690244567880399e-7,4.756232120883695e-10,3.138407228171152e-10,7.419141893634e-10
shallow,alternating-d1-w4,alternating,1,4,1,1,shallow/alternating-d1-w4,3.67692789785502e-7,3.670133388408638e-7,3.6825102233022615e-7,1.3096677184837805e-9,9.913151217591522e-10,1.5865238788342923e-9
nested,alternating-d1-w4,alternating,1,4,1,2,nested/alternating-d1-w4,3.8940990045008546e-7,3.892327770348898e-7,3.895742876411891e-7,3.747569316519677e-10,2.967213636388151e-10,5.198651735324612e-10
shallow,alternating-d1-w16,alternating,1,16,1,1,shallow/alternating-d1-w16,3.9623041676651386e-7,3.9601726007804983e-7,3.964538432059906e-7,4.753285820794822e-10,3.7461974748314005e-10,6.445342422602246e-10
nested,alternating-d1-w16,alternating,1,16,1,2,nested/alternating-d1-w16,4.697742197048167e-7,4.6911575122562385e-7,4.7032629735145103e-7,1.3199121894783043e-9,1.1116219793996392e-9,1.4998698815904441e-9
shallow,alternating-d4-w1,alternating,4,1,1,1,shallow/alternating-d4-w1,5.743484899312981e-7,5.730193458424947e-7,5.754462533547611e-7,2.6844666409972757e-9,1.9673966336639867e-9,3.5236458740239458e-9
nested,alternating-d4-w1,alternating,4,1,1,2,nested/alternating-d4-w1,4.674742327782834e-7,4.644954304680586e-7,4.7085782786521237e-7,6.79489403032491e-9,6.201893821605225e-9,7.913666533009394e-9
shallow,alternating-d4-w4,alternating,4,4,1,1,shallow/alternating-d4-w4,6.469396953107165e-7,6.434266438616579e-7,6.501456713731253e-7,7.142805099398261e-9,6.148982080953308e-9,8.231598184437571e-9
nested,alternating-d4-w4,alternating,4,4,1,2,nested/alternating-d4-w4,5.74536921824103e-7,5.732734630089366e-7,5.778834572914961e-7,4.210765318283304e-9,1.5866203529880764e-9,7.472721425640841e-9
shallow,alternating-d4-w16,alternating,4,16,1,1,shallow/alternating-d4-w16,8.10561800709763e-7,8.087659698791452e-7,8.121489812691978e-7,3.5824173320576742e-9,2.5231568951369754e-9,4.164117803649999e-9
nested,alternating-d4-w16,alternating,4,16,1,2,nested/alternating-d4-w16,8.794180017823341e-7,8.790176560221465e-7,8.799311685879646e-7,1.0094076265481072e-9,7.302220337216466e-10,1.4344309584427993e-9
shallow,alternating-d16-w1,alternating,16,1,1,1,shallow/alternating-d16-w1,1.5467711334980469e-6,1.5448012628606439e-6,1.549629422842243e-6,5.128064339402148e-9,3.942681944649727e-9,6.90030723542673e-9
nested,alternating-d16-w1,alternating,16,1,1,2,nested/alternating-d16-w1,1.0059185224354988e-6,1.0051155015245822e-6,1.0063536333506738e-6,1.2276163041800617e-9,6.76181147065982e-10,1.7184727943187935e-9
shallow,alternating-d16-w4,alternating,16,4,1,1,shallow/alternating-d16-w4,1.8223894030519158e-6,1.8202326800168296e-6,1.8240213080351108e-6,4.117602725946082e-9,3.137484810831438e-9,5.274046948511224e-9
nested,alternating-d16-w4,alternating,16,4,1,2,nested/alternating-d16-w4,1.386693281251241e-6,1.3861351644762814e-6,1.387351918552205e-6,1.2870644171821465e-9,9.353186964903771e-10,1.8362555904245842e-9
shallow,alternating-d16-w16,alternating,16,16,1,1,shallow/alternating-d16-w16,2.6914646286896085e-6,2.6898398443908474e-6,2.6927750925077405e-6,3.275674352708813e-9,2.409210026472682e-9,5.059303568468343e-9
nested,alternating-d16-w16,alternating,16,16,1,2,nested/alternating-d16-w16,2.702358673264603e-6,2.701825508668426e-6,2.7030837783609083e-6,1.367125836632841e-9,8.858149491114949e-10,2.2381023260353665e-9
nested,constr-d1-w1,constr,1,1,2,1,nested/constr-d1-w1,3.6917758879906506e-7,3.6890390523748e-7,3.694412045749003e-7,5.942711090152975e-10,4.839185859827278e-10,7.305697267892207e-10
shallow,constr-d1-w1,constr,1,1,2,2,shallow/constr-d1-w1,3.480713546712522e-7,3.4723954798334943e-7,3.4872986615694373e-7,1.5821238595920225e-9,1.1858560186546293e-9,1.96509057701981e-9
nested,constr-d1-w4,constr,1,4,2,1,nested/constr-d1-w4,3.8978100334768365e-7,3.896841321577275e-7,3.898932400547359e-7,2.230138695035105e-10,1.609167159328715e-10,3.092383334363104e-10
shallow,constr-d1-w4,constr,1,4,2,2,shallow/constr-d1-w4,3.592128335841709e-7,3.590122221282954e-7,3.594343427414754e-7,4.5157113434308486e-10,3.18111281274791e-10,6.574301944793582e-10
nested,constr-d1-w16,constr,1,16,2,1,nested/constr-d1-w16,4.6821401686176867e-7,4.680209089816554e-7,4.6837789920179487e-7,4.0515938167157005e-10,3.144865293681094e-10,5.69471335027813e-10
shallow,constr-d1-w16,constr,1,16,2,2,shallow/constr-d1-w16,3.9570643008047576e-7,3.955260282058152e-7,3.958831824065653e-7,3.892631544840055e-10,2.9592089640458727e-10,5.40934603048742e-10
nested,constr-d4-w1,constr,4,1,2,1,nested/constr-d4-w1,4.421002562564462e-7,4.41837379309818e-7,4.423962437669574e-7,5.912893056830904e-10,4.894152075815433e-10,7.356012226542729e-10
shallow,constr-d4-w1,constr,4,1,2,2,shallow/constr-d4-w1,5.397061632705765e-7,5.390686561491951e-7,5.403443328363173e-7,1.398901068702473e-9,1.146868777245161e-9,1.9551965032749964e-9
nested,constr-d4-w4,constr,4,4,2,1,nested/constr-d4-w4,5.229641841837544e-7,5.227457022047575e-7,5.232233141717919e-7,5.080007692214063e-10,3.6556350986112677e-10,7.247799570126626e-10
shallow,constr-d4-w4,constr,4,4,2,2,shallow/constr-d4-w4,5.933823235460462e-7,5.899492775061263e-7,6.00548432406299e-7,9.543949268804747e-9,6.763280476846537e-10,1.4723611777003782e-8
nested,constr-d4-w16,constr,4,16,2,1,nested/constr-d4-w16,8.348468395732109e-7,8.336213904090444e-7,8.359605994108589e-7,2.3047763314540172e-9,1.8063413310030828e-9,2.8735199909940883e-9
shallow,constr-d4-w16,constr,4,16,2,2,shallow/constr-d4-w16,7.308139624021833e-7,7.302401091297035e-7,7.315194726543953e-7,1.3264830770594023e-9,9.427609981918139e-10,1.965306059973826e-9
nested,constr-d16-w1,constr,16,1,2,1,nested/constr-d16-w1,8.333556206537369e-7,8.327745650294394e-7,8.340182185818847e-7,1.2935066094180485e-9,9.780461386361365e-10,1.672161136740619e-9
shallow,constr-d16-w1,constr,16,1,2,2,shallow/constr-d16-w1,1.2271653400170926e-6,1.2265833869564905e-6,1.227862221897398e-6,1.305708611662464e-9,9.950644232805496e-10,1.9563940665559974e-9
nested,constr-d16-w4,constr,16,4,2,1,nested/constr-d16-w4,1.130029550500685e-6,1.1282778771544765e-6,1.136941329035956e-6,6.863205071571146e-9,5.454979718132242e-10,1.3350555770595392e-8
shallow,constr-d16-w4,constr,16,4,2,2,shallow/constr-d16-w4,1.4177236210000453e-6,1.4157075942276158e-6,1.419974927700871e-6,4.479109368629305e-9,3.1000939674221788e-9,5.941947032135456e-9
nested,constr-d16-w16,constr,16,16,2,1,nested/constr-d16-w16,2.4535913219356795e-6,2.452971069420793e-6,2.454324210017082e-6,1.4709651650321238e-9,1.1302556884802387e-9,1.9676302012949163e-9
shallow,constr-d16-w16,constr,16,16,2,2,shallow/constr-d16-w16,2.176693443421648e-6,2.175419121200485e-6,2.1792027238559586e-6,3.737914930344394e-9,1.644193804036097e-9,5.301171079070226e-9
nested,list-d1-w1,list,1,1,2,1,nested/list-d1-w1,3.6471558202334784e-7,3.6455231340849195e-7,3.6487579066465595e-7,3.626928178565214e-10,2.7680219636291424e-10,4.849396496091449e-10
shallow,list-d1-w1,list,1,1,2,2,shallow/list-d1-w1,3.413513111993621e-7,3.41047996141242e-7,3.4201162637495433e-7,9.043983326433181e-10,4.844737631794393e-10,1.5227003023641165e-9
nested,list-d1-w4,list,1,4,2,1,nested/list-d1-w4,3.834614493607688e-7,3.832739026878017e-7,3.8363832558530106e-7,4.205609041788385e-10,3.5360138050115936e-10,5.137735015358365e-10
shallow,list-d1-w4,list,1,4,2,2,shallow/list-d1-w4,3.5780103435537006e-7,3.5753504927327855e-7,3.581496527157596e-7,6.43386526733569e-10,4.1873573679850543e-10,8.794853871746155e-10
nested,list-d1-w16,list,1,16,2,1,nested/list-d1-w16,4.5812716187015024e-7,4.577502018881562e-7,4.585168833231378e-7,8.455176947275913e-10,7.272303049733162e-10,1.0318160487189518e-9
shallow,list-d1-w16,list,1,16,2,2,shallow/list-d1-w16,3.9425174507883977e-7,3.9392841325173337e-7,3.9453367305044236e-7,6.446957488294026e-10,4.4337047535530544e-10,1.0619204902600704e-9
nested,list-d4-w1,list,4,1,2,1,nested/list-d4-w1,4.2325642113769683e-7,4.2304256086613246e-7,4.234379781913248e-7,4.25903987661387e-10,3.327298375073114e-10,5.86337407021766e-10
shallow,list-d4-w1,list,4,1,2,2,shallow/list-d4-w1,5.190534884394589e-7,5.189505556283765e-7,5.19153955816482e-7,2.3091623510950744e-10,1.6167130673901258e-10,3.208525793880145e-10
nested,list-d4-w4,list,4,4,2,1,nested/list-d4-w4,5.03043201495679e-7,5.026103970794895e-7,5.035314254199849e-7,9.870160582290807e-10,8.564226368285816e-10,1.1589358010363351e-9
shallow,list-d4-w4,list,4,4,2,2,shallow/list-d4-w4,5.545316059835674e-7,5.524894395890706e-7,5.579149137109326e-7,5.663728233577483e-9,3.325290932209665e-9,7.676932532476007e-9
nested,list-d4-w16,list,4,16,2,1,nested/list-d4-w16,8.155306840072345e-7,8.152940439860199e-7,8.158362390007733e-7,5.61595817081392e-10,3.871154452101828e-10,7.698563311993868e-10
shallow,list-d4-w16,list,4,16,2,2,shallow/list-d4-w16,7.175359278115754e-7,7.155447020630511e-7,7.240932908230614e-7,7.163126908287332e-9,1.2957493526172995e-9,1.3742757114442628e-8
nested,list-d16-w1,list,16,1,2,1,nested/list-d16-w1,7.662588424095511e-7,7.656915865060541e-7,7.667846079450742e-7,1.1254326282412416e-9,8.845692844266912e-10,1.4307523628156132e-9
shallow,list-d16-w1,list,16,1,2,2,shallow/list-d16-w1,1.1843824044327478e-6,1.183320445442788e-6,1.1852637894988735e-6,2.0187916991320335e-9,1.4935323751171468e-9,2.4234892640904734e-9
nested,list-d16-w4,list,16,4,2,1,nested/list-d16-w4,1.0645869437606497e-6,1.0640176972907026e-6,1.0653976847786232e-6,1.4391259825101239e-9,9.846026805059606e-10,2.0025877982000715e-9
shallow,list-d16-w4,list,16,4,2,2,shallow/list-d16-w4,1.3230039083678872e-6,1.3214427235035848e-6,1.3242304811257237e-6,2.8416912011485683e-9,2.1494680629753584e-9,3.511078413429253e-9
nested,list-d16-w16,list,16,16,2,1,nested/list-d16-w16,2.4078475405542354e-6,2.3988934423944083e-6,2.4368529463740693e-6,3.2292532845118236e-8,2.394259172891205e-9,6.231370500224973e-8
shallow,list-d16-w16,list,16,16,2,2,shallow/list-d16-w16,2.1155577822413088e-6,2.1141580235722706e-6,2.1168472609468593e-6,3.033980811670952e-9,2.3636609243072408e-9,3.982158672971208e-9
nested,alternating-d1-w1,alternating,1,1,2,1,nested/alternating-d1-w1,3.687893107619637e-7,3.6856060350036833e-7,3.689862684469193e-7,4.823488267302265e-10,3.824192208719009e-10,5.679446958754899e-10
shallow,alternating-d1-w1,alternating,1,1,2,2,shallow/alternating-d1-w1,3.5079202595427353e-7,3.505875484283769e-7,3.509937912683098e-7,4.331178071635023e-10,3.0798453378955905e-10,5.895900573127681e-10
nested,alternating-d1-w4,alternating,1,4,2,1,nested/alternating-d1-w4,3.918142898454857e-7,3.9169172014107495e-7,3.9206462246637106e-7,3.6951986427232353e-10,2.554256918394681e-10,5.924563207252456e-10
shallow,alternating-d1-w4,alternating,1,4,2,2,shallow/alternating-d1-w4,3.617517732935173e-7,3.6148488057337884e-7,3.6199217175830165e-7,5.667479710215685e-10,4.401779281028267e-10,7.526331031007206e-10
nested,alternating-d1-w16,alternating,1,16,2,1,nested/alternating-d1-w16,4.692805473498793e-7,4.6898583747054084e-7,4.6968692898341287e-7,7.502176127407381e-10,5.692887148968906e-10,1.0580637369584696e-9
shallow,alternating-d1-w16,alternating,1,16,2,2,shallow/alternating-d1-w16,3.9559250081141254e-7,3.954416063055233e-7,3.9591040717303575e-7,4.353920836833619e-10,2.4093518704974963e-10,7.799187220956257e-10
nested,alternating-d4-w1,alternating,4,1,2,1,nested/alternating-d4-w1,4.747052715837807e-7,4.73956220567976e-7,4.756497284474421e-7,1.7746819337771958e-9,1.3792722306362036e-9,2.0286982487019755e-9
shallow,alternating-d4-w1,alternating,4,1,2,2,shallow/alternating-d4-w1,5.78332821792806e-7,5.770499318894929e-7,5.79359320276253e-7,2.524773927684445e-9,1.7866026409880463e-9,3.512641374184969e-9
nested,alternating-d4-w4,alternating,4,4,2,1,nested/alternating-d4-w4,5.653212367257429e-7,5.650933506510322e-7,5.656245205386692e-7,5.945168204564744e-10,4.0000043868332116e-10,9.709036556308545e-10
shallow,alternating-d4-w4,alternating,4,4,2,2,shallow/alternating-d4-w4,6.348012061723809e-7,6.343023022498044e-7,6.354734949590552e-7,1.2593784302402737e-9,8.746388834437971e-10,2.0026235908545255e-9
nested,alternating-d4-w16,alternating,4,16,2,1,nested/alternating-d4-w16,8.858425540817369e-7,8.851310399318691e-7,8.864521163730717e-7,1.4486191808427405e-9,1.1846616413061792e-9,1.697991915511637e-9
shallow,alternating-d4-w16,alternating,4,16,2,2,shallow/alternating-d4-w16,7.992044215130288e-7,7.980174586457459e-7,8.003387406118749e-7,2.529624478021124e-9,2.0873083612379676e-9,3.0535704932723924e-9
nested,alternating-d16-w1,alternating,16,1,2,1,nested/alternating-d16-w1,1.0004096664763613e-6,1.000147211401755e-6,1.0008806848296138e-6,7.601172243660976e-10,4.758843049423992e-10,1.2074536614560465e-9
shallow,alternating-d16-w1,alternating,16,1,2,2,shallow/alternating-d16-w1,1.5583382546111265e-6,1.544133451155618e-6,1.5794548287719885e-6,3.694710158669614e-8,2.684995329148745e-8,4.774140245323398e-8
nested,alternating-d16-w4,alternating,16,4,2,1,nested/alternating-d16-w4,1.38332483311228e-6,1.3827435684543156e-6,1.3838851134936723e-6,1.2154244384597044e-9,8.785396346027387e-10,1.7646767652378189e-9
shallow,alternating-d16-w4,alternating,16,4,2,2,shallow/alternating-d16-w4,1.8409741802914325e-6,1.8379728351377429e-6,1.8444034442220915e-6,6.281528452874575e-9,4.45928608095803e-9,8.489925706343802e-9
nested,alternating-d16-w16,alternating,16,16,2,1,nested/alternating-d16-w16,2.7032658676060084e-6,2.701788068404006e-6,2.705226383925197e-6,3.799531502505034e-9,2.7440838830444575e-9,5.531632864299738e-9
shallow,alternating-d16-w16,alternating,16,16,2,2,shallow/alternating-d16-w16,2.6716290866337304e-6,2.6665406487186345e-6,2.6781598895803337e-6,1.1933949383286627e-8,8.071069063874282e-9,1.7791671077561274e-8
shallow,constr-d1-w1,constr,1,1,3,1,shallow/constr-d1-w1,3.488854223227584e-7,3.4829063850174345e-7,3.5024431637241437e-7,1.9679770174753306e-9,6.901895086989933e-10,3.558543149988232e-9
nested,constr-d1-w1,constr,1,1,3,2,nested/constr-d1-w1,3.6961088387970276e-7,3.693588744603634e-7,3.698895624215676e-7,5.702921605939604e-10,4.1839316310521415e-10,7.943440537265847e-10
shallow,constr-d1-w4,constr,1,4,3,1,shallow/constr-d1-w4,3.6326948345397316e-7,3.629180734486984e-7,3.636243472282164e-7,7.43057975831032e-10,6.390220313798931e-10,8.814727871961733e-10
nested,constr-d1-w4,constr,1,4,3,2,nested/constr-d1-w4,3.892437651802278e-7,3.8907793153011467e-7,3.894014772528875e-7,3.731850180408329e-10,2.8818445132532026e-10,5.070270717692976e-10
shallow,constr-d1-w16,constr,1,16,3,1,shallow/constr-d1-w16,3.927047359215372e-7,3.92451639123412e-7,3.930022543213969e-7,6.146552487037571e-10,5.377738223735945e-10,7.457094039266685e-10
nested,constr-d1-w16,constr,1,16,3,2,nested/constr-d1-w16,4.694658379532315e-7,4.6911231107601884e-7,4.697512615307289e-7,6.65214017235368e-10,4.5765128180904124e-10,8.961652609271583e-10
shallow,constr-d4-w1,constr,4,1,3,1,shallow/constr-d4-w1,5.412811660319109e-7,5.409152916505544e-7,5.415866081929286e-7,6.930492915734377e-10,5.305018457194515e-10,8.969949429986508e-10
nested,constr-d4-w1,constr,4,1,3,2,nested/constr-d4-w1,4.412944337767878e-7,4.4094680190107606e-7,4.415638972791153e-7,6.304368178671562e-10,4.741926306015735e-10,8.773225555950445e-10
shallow,constr-d4-w4,constr,4,4,3,1,shallow/constr-d4-w4,5.882818816909846e-7,5.879551571178403e-7,5.88763681126795e-7,8.816760593514927e-10,6.339261554341617e-10,1.2967137549056833e-9
nested,constr-d4-w4,constr,4,4,3,2,nested/constr-d4-w4,5.216255580405917e-7,5.213403867578626e-7,5.21939660265347e-7,6.782924786367223e-10,5.667544426563432e-10,8.718095481261654e-10
shallow,constr-d4-w16,constr,4,16,3,1,shallow/constr-d4-w16,7.33301423492082e-7,7.329871164849222e-7,7.335603356239998e-7,6.423267868011732e-10,4.995423895769644e-10,8.299344661206042e-10
nested,constr-d4-w16,constr,4,16,3,2,nested/constr-d4-w16,8.317818762023164e-7,8.313664323941245e-7,8.320968989536851e-7,7.842832712371331e-10,5.706664321606459e-10,1.1371292489558395e-9
shallow,constr-d16-w1,constr,16,1,3,1,shallow/constr-d16-w1,1.2229272724718452e-6,1.222028363733878e-6,1.2243303845736513e-6,2.4325139847603875e-9,1.7201626348543586e-9,3.1970590652523525e-9
nested,constr-d16-w1,constr,16,1,3,2,nested/constr-d16-w1,8.301234349764334e-7,8.296611878341476e-7,8.306893981657589e-7,1.1394885499858795e-9,8.217834597885974e-10,1.5748077915001594e-9
shallow,constr-d16-w4,constr,16,4,3,1,shallow/constr-d16-w4,1.3958941725285228e-6,1.3928296833610739e-6,1.3989254997300566e-6,6.574751559642679e-9,5.250846038742271e-9,8.482295122797463e-9
nested,constr-d16-w4,constr,16,4,3,2,nested/constr-d16-w4,1.1330863819139395e-6,1.1288696292010021e-6,1.148913638104784e-6,1.5480094238270855e-8,3.558092676054343e-9,2.885256278938695e-8
shallow,constr-d16-w16,constr,16,16,3,1,shallow/constr-d16-w16,2.1639993950226886e-6,2.162553579150796e-6,2.167716290184936e-6,4.87105139527293e-9,2.087263513608452e-9,8.753320404871034e-9
nested,constr-d16-w16,constr,16,16,3,2,nested/constr-d16-w16,2.4540408833503666e-6,2.4534044690417495e-6,2.4548606295189138e-6,1.4844441967818974e-9,1.0369608109128341e-9,2.2092804941515123e-9
shallow,list-d1-w1,list,1,1,3,1,shallow/list-d1-w1,3.464193515875793e-7,3.460694648355132e-7,3.468043608956707e-7,7.576256145515908e-10,6.12284751042201e-10,9.893132264294185e-10
nested,list-d1-w1,list,1,1,3,2,nested/list-d1-w1,3.62956156928711e-7,3.626067901884327e-7,3.6331035694453116e-7,7.128806448354655e-10,5.790804478742394e-10,8.766106691844191e-10
shallow,list-d1-w4,list,1,4,3,1,shallow/list-d1-w4,3.6355765322190507e-7,3.634147960548232e-7,3.636941738292117e-7,2.983936235054612e-10,2.4511592769008376e-10,3.844492400981224e-10
nested,list-d1-w4,list,1,4,3,2,nested/list-d1-w4,3.824621318662173e-7,3.8232045343021333e-7,3.825726748363849e-7,2.625801777241414e-10,1.8774523803720025e-10,3.878752198508796e-10
shallow,list-d1-w16,list,1,16,3,1,shallow/list-d1-w16,3.93545278977731e-7,3.931636372411893e-7,3.9390998225645664e-7,8.205665905937021e-10,6.960710692573619e-10,9.846826203568305e-10
nested,list-d1-w16,list,1,16,3,2,nested/list-d1-w16,4.6207325622782027e-7,4.601409819403906e-7,4.69208036786026e-7,7.64266217942707e-9,6.151982074178823e-10,1.4924143960285194e-8
shallow,list-d4-w1,list,4,1,3,1,shallow/list-d4-w1,5.173016086622938e-7,5.15447095106353e-7,5.17966673636059e-7,2.280202064469495e-9,6.24115353250828e-10,4.2352318989074514e-9
nested,list-d4-w1,list,4,1,3,2,nested/list-d4-w1,4.246289161650613e-7,4.2433738919304157e-7,4.2489310862665264e-7,5.762622369383032e-10,4.717581626939571e-10,7.391775055489471e-10
shallow,list-d4-w4,list,4,4,3,1,shallow/list-d4-w4,5.635377410369692e-7,5.611360349985753e-7,5.65418165492735e-7,4.800850790950056e-9,3.449308908758211e-9,5.430263743782367e-9
nested,list-d4-w4,list,4,4,3,2,nested/list-d4-w4,5.042684854130176e-7,5.039242210029092e-7,5.046242594348872e-7,7.561683270208722e-10,6.182270507296143e-10,1.0243947842370106e-9
shallow,list-d4-w16,list,4,16,3,1,shallow/list-d4-w16,7.094955524208277e-7,7.085506264380219e-7,7.108067182688319e-7,2.3629786999897964e-9,1.6659705996311436e-9,2.8566626363220085e-9
nested,list-d4-w16,list,4,16,3,2,nested/list-d4-w16,8.139199581040522e-7,8.136553381348785e-7,8.143221499262205e-7,6.724775544935192e-10,4.1894730702502683e-10,1.0348905362356791e-9
shallow,list-d16-w1,list,16,1,3,1,shallow/list-d16-w1,1.1690970950750479e-6,1.1682447938388615e-6,1.1696753804022657e-6,1.4507318994464414e-9,1.0504287710811608e-9,2.2079205920581316e-9
nested,list-d16-w1,list,16,1,3,2,nested/list-d16-w1,7.63839714029769e-7,7.632379589826808e-7,7.644834147388696e-7,1.3615355259050653e-9,1.1088787582149548e-9,1.6060035795907574e-9
shallow,list-d16-w4,list,16,4,3,1,shallow/list-d16-w4,1.3277166221388397e-6,1.3258698771784512e-6,1.329805601410337e-6,4.265364930552062e-9,3.559745463839947e-9,4.9887780552551574e-9
nested,list-d16-w4,list,16,4,3,2,nested/list-d16-w4,1.068914224047139e-6,1.0682895338538427e-6,1.069524271103873e-6,1.4516410174980234e-9,1.1449052716885337e-9,1.8953087390025508e-9
shallow,list-d16-w16,list,16,16,3,1,shallow/list-d16-w16,2.113118635098504e-6,2.111712393005821e-6,2.1146873833941955e-6,3.2250440357317642e-9,2.3805253443880287e-9,4.397750382679362e-9
nested,list-d16-w16,list,16,16,3,2,nested/list-d16-w16,2.416559373453966e-6,2.398745987532861e-6,2.4950101047242293e-6,6.524384154333831e-8,1.3039538971238816e-8,1.3212773004096855e-7
shallow,alternating-d1-w1,alternating,1,1,3,1,shallow/alternating-d1-w1,3.488575959704276e-7,3.484852290218808e-7,3.4932342545335653e-7,8.966446432909124e-10,7.091341506347499e-10,1.113622055833169e-9
nested,alternating-d1-w1,alternating,1,1,3,2,nested/alternating-d1-w1,3.6894184405344877e-7,3.688018817568321e-7,3.6911198283446207e-7,3.397928132706726e-10,2.6919821953998397e-10,4.5587443939772414e-10
shallow,alternating-d1-w4,alternating,1,4,3,1,shallow/alternating-d1-w4,3.590109931287391e-7,3.584126677085741e-7,3.593702943138544e-7,1.0158106014008418e-9,6.300455876776424e-10,1.4230250862023071e-9
nested,alternating-d1-w4,alternating,1,4,3,2,nested/alternating-d1-w4,3.9198560612042956e-7,3.9180099346282045e-7,3.921657207631114e-7,3.8461212715202e-10,3.0964176763288625e-10,5.108282279217565e-10
shallow,alternating-d1-w16,alternating,1,16,3,1,shallow/alternating-d1-w16,3.977911662908228e-7,3.967460424860735e-7,4.0109465731986077e-7,3.5106802995731696e-9,4.871584130154104e-10,6.527998978880812e-9
nested,alternating-d1-w16,alternating,1,16,3,2,nested/alternating-d1-w16,4.671571404001498e-7,4.6699664156556546e-7,4.673568313474814e-7,4.0835237953009663e-10,2.668114297055959e-10,6.10996832192942e-10
shallow,alternating-d4-w1,alternating,4,1,3,1,shallow/alternating-d4-w1,5.695900831247863e-7,5.691535451361854e-7,5.701090991748521e-7,1.0767170222609064e-9,7.977999685054744e-10,1.3872540502696083e-9
nested,alternating-d4-w1,alternating,4,1,3,2,nested/alternating-d4-w1,4.6429874287732415e-7,4.6352060142005324e-7,4.6521021065828774e-7,1.7209414085080734e-9,1.1795703276897374e-9,2.2004516474241454e-9
shallow,alternating-d4-w4,alternating,4,4,3,1,shallow/alternating-d4-w4,6.361217506834498e-7,6.350822261475425e-7,6.371634604688588e-7,2.238615761256231e-9,1.870495542026521e-9,2.7447457516797655e-9
nested,alternating-d4-w4,alternating,4,4,3,2,nested/alternating-d4-w4,5.706319403584499e-7,5.70454644914311e-7,5.708262205932043e-7,4.122276613201069e-10,3.460360262754451e-10,5.13690388732109e-10
shallow,alternating-d4-w16,alternating,4,16,3,1,shallow/alternating-d4-w16,8.130826391427328e-7,8.092867998027805e-7,8.179289035917996e-7,9.322144306462023e-9,8.020359965627028e-9,1.0700375337080544e-8
nested,alternating-d4-w16,alternating,4,16,3,2,nested/alternating-d4-w16,8.843428552738535e-7,8.840719627344218e-7,8.845865759633849e-7,5.712298694004819e-10,4.393646169051564e-10,7.445893435634988e-10
shallow,alternating-d16-w1,alternating,16,1,3,1,shallow/alternating-d16-w1,1.5838149121459216e-6,1.5806111038847686e-6,1.5867691787888187e-6,6.601150972041868e-9,5.380984928905854e-9,8.196421185931547e-9
nested,alternating-d16-w1,alternating,16,1,3,2,nested/alternating-d16-w1,1.003185987781481e-6,1.0027674066031346e-6,1.0036300855888442e-6,9.53021500627423e-10,6.768548670304244e-10,1.4746705433781564e-9
shallow,alternating-d16-w4,alternating,16,4,3,1,shallow/alternating-d16-w4,1.7778672767516224e-6,1.7762230950189797e-6,1.778977812353431e-6,2.8572847219038813e-9,2.1252661241478535e-9,4.081582545847403e-9
nested,alternating-d16-w4,alternating,16,4,3,2,nested/alternating-d16-w4,1.3871726752181761e-6,1.3865125244469163e-6,1.387703883005267e-6,1.3464146568324944e-9,9.777053069422534e-10,1.8041917188340897e-9
shallow,alternating-d16-w16,alternating,16,16,3,1,shallow/alternating-d16-w16,2.6328531140179166e-6,2.630323188331854e-6,2.634759365826407e-6,4.73795673489061e-9,3.6023769687463963e-9,5.963515802479283e-9
nested,alternating-d16-w16,alternating,16,16,3,2,nested/alternating-d16-w16,2.701308786973492e-6,2.699754704193695e-6,2.7032174726383758e-6,3.674692942967304e-9,3.0710201477287838e-9,4.698103620168165e-9
nested,constr-d1-w1,constr,1,1,4,1,nested/constr-d1-w1,3.696721943215092e-7,3.6945066884016023e-7,3.699140293837735e-7,5.055287206160581e-10,4.026134639698876e-10,6.588180125275852e-10
shallow,constr-d1-w1,constr,1,1,4,2,shallow/constr-d1-w1,3.493458683937327e-7,3.4896704300732943e-7,3.4973580667064727e-7,8.201114336959352e-10,5.721431030077335e-10,1.239298209428826e-9
nested,constr-d1-w4,constr,1,4,4,1,nested/constr-d1-w4,3.901524053656379e-7,3.899444484650689e-7,3.9032441461726185e-7,4.0960858363372867e-10,3.1895940559182874e-10,5.582442652976716e-10
shallow,constr-d1-w4,constr,1,4,4,2,shallow/constr-d1-w4,3.619284347833994e-7,3.6161282507036885e-7,3.621201679193784e-7,5.3432107580119e-10,3.096194978655142e-10,9.184347507936966e-10
nested,constr-d1-w16,constr,1,16,4,1,nested/constr-d1-w16,4.724438865647578e-7,4.723011583622256e-7,4.72711178858841e-7,4.445587234567157e-10,2.684025492178575e-10,7.130401906183126e-10
shallow,constr-d1-w16,constr,1,16,4,2,shallow/constr-d1-w16,3.960187076789808e-7,3.9568258720735755e-7,3.962135756239936e-7,5.403076309775977e-10,3.5268547018498093e-10,8.59199843911402e-10
nested,constr-d4-w1,constr,4,1,4,1,nested/constr-d4-w1,4.397934084704808e-7,4.3958135307891966e-7,4.400035160787443e-7,4.66075989747529e-10,3.784775321397529e-10,6.193172756625442e-10
shallow,constr-d4-w1,constr,4,1,4,2,shallow/constr-d4-w1,5.472381076689089e-7,5.470333956627758e-7,5.474226271503417e-7,4.07411266432473e-10,3.0383001515105635e-10,5.190129748474811e-10
nested,constr-d4-w4,constr,4,4,4,1,nested/constr-d4-w4,5.228700996097452e-7,5.226662608797819e-7,5.231093217308543e-7,4.861760511937028e-10,3.33598035430467e-10,7.960001832644873e-10
shallow,constr-d4-w4,constr,4,4,4,2,shallow/constr-d4-w4,5.875318988349646e-7,5.870913252165543e-7,5.882756227504603e-7,1.1932929669503453e-9,6.401605295557834e-10,1.981128576336802e-9
nested,constr-d4-w16,constr,4,16,4,1,nested/constr-d4-w16,8.357393939014216e-7,8.355519734930227e-7,8.359038946653191e-7,3.775954700131869e-10,3.0675246430212826e-10,4.889872832812913e-10
shallow,constr-d4-w16,constr,4,16,4,2,shallow/constr-d4-w16,7.35195176202759e-7,7.347916995327541e-7,7.356960767073623e-7,9.426259997950627e-10,6.895512078741209e-10,1.351080153615491e-9
nested,constr-d16-w1,constr,16,1,4,1,nested/constr-d16-w1,8.285130344091868e-7,8.274405760626398e-7,8.313421230879569e-7,3.4735014402735282e-9,1.0514656028841122e-9,6.3026579405654985e-9
shallow,constr-d16-w1,constr,16,1,4,2,shallow/constr-d16-w1,1.2141400819643438e-6,1.2102775345841748e-6,1.2181902683527614e-6,8.58893368728044e-9,7.172027896603194e-9,1.0493432375821448e-8
nested,constr-d16-w4,constr,16,4,4,1,nested/constr-d16-w4,1.128795630765629e-6,1.1278756094833737e-6,1.1295328779000247e-6,1.7205000708590297e-9,1.1494069291007162e-9,2.132023850605234e-9
shallow,constr-d16-w4,constr,16,4,4,2,shallow/constr-d16-w4,1.3940616105122353e-6,1.3923538907134211e-6,1.3956399437211094e-6,3.5277011291811144e-9,2.7712163020159367e-9,4.548188451534544e-9
nested,constr-d16-w16,constr,16,16,4,1,nested/constr-d16-w16,2.4467976234425772e-6,2.445889701768865e-6,2.447801550204277e-6,2.0081690258889526e-9,1.5499655631382722e-9,2.913394610375647e-9
shallow,constr-d16-w16,constr,16,16,4,2,shallow/constr-d16-w16,2.1651318558678876e-6,2.1640258713607614e-6,2.166460345235007e-6,2.6530460488834675e-9,2.0122363593731894e-9,3.265781671256494e-9
nested,list-d1-w1,list,1,1,4,1,nested/list-d1-w1,3.6273075889204975e-7,3.6253385958032035e-7,3.6295681552029777e-7,4.5157413359282034e-10,3.669286785810161e-10,5.440311636618476e-10
shallow,list-d1-w1,list,1,1,4,2,shallow/list-d1-w1,3.461391317747148e-7,3.4560635897528724e-7,3.4662428844908173e-7,1.0431474991990574e-9,8.472370086689783e-10,1.282172513595501e-9
nested,list-d1-w4,list,1,4,4,1,nested/list-d1-w4,3.835056321283289e-7,3.833014452836353e-7,3.8373229367408546e-7,4.5598652975172587e-10,3.636320493511864e-10,5.746961340911798e-10
shallow,list-d1-w4,list,1,4,4,2,shallow/list-d1-w4,3.5910576948608245e-7,3.5744074009327663e-7,3.6319118143186796e-7,5.696801161759249e-9,1.7393119035152083e-9,1.011448742609472e-8
nested,list-d1-w16,list,1,16,4,1,nested/list-d1-w16,4.638169088894489e-7,4.6350589959694324e-7,4.64174109786787e-7,7.004241359723978e-10,4.518569989413801e-10,1.1157395917275193e-9
shallow,list-d1-w16,list,1,16,4,2,shallow/list-d1-w16,3.930653317161049e-7,3.9266037595696534e-7,3.934139185169479e-7,8.398249965494819e-10,6.747250618251838e-10,9.948946585072597e-10
nested,list-d4-w1,list,4,1,4,1,nested/list-d4-w1,4.236893144065989e-7,4.2349135202323324e-7,4.23913840662857e-7,4.584891336568118e-10,3.2320130783781504e-10,6.464704141592619e-10
shallow,list-d4-w1,list,4,1,4,2,shallow/list-d4-w1,5.104335070421952e-7,5.096903547603449e-7,5.120735183812128e-7,2.138538784829375e-9,7.428891799649757e-10,3.557339674273614e-9
nested,list-d4-w4,list,4,4,4,1,nested/list-d4-w4,5.047902957211978e-7,5.039424809876399e-7,5.062751308856601e-7,2.4599030772379482e-9,1.3729237271793473e-9,4.3445875548531806e-9
shallow,list-d4-w4,list,4,4,4,2,shallow/list-d4-w4,5.692593607159295e-7,5.687890050382368e-7,5.6972365586962e-7,1.025362316153537e-9,8.558649521202358e-10,1.2539335795908362e-9
nested,list-d4-w16,list,4,16,4,1,nested/list-d4-w16,8.183462896120361e-7,8.180810082319806e-7,8.188295340327231e-7,7.560661954002479e-10,5.021824344925114e-10,1.1740540990013864e-9
shallow,list-d4-w16,list,4,16,4,2,shallow/list-d4-w16,7.081408461683228e-7,7.077463579983093e-7,7.087599716890797e-7,1.0636495220635274e-9,5.87560942211494e-10,1.875896618725533e-9
nested,list-d16-w1,list,16,1,4,1,nested/list-d16-w1,7.703899523084345e-7,7.693101882462626e-7,7.714274911619996e-7,2.251163207489908e-9,1.7199339733468877e-9,2.9961570817224323e-9
shallow,list-d16-w1,list,16,1,4,2,shallow/list-d16-w1,1.183877542215664e-6,1.1812442165343021e-6,1.1872162552472845e-6,6.630173864149745e-9,5.629426871125042e-9,8.582661131778632e-9
nested,list-d16-w4,list,16,4,4,1,nested/list-d16-w4,1.073230606480712e-6,1.0729035259508592e-6,1.0736430505865208e-6,8.422322064827375e-10,6.382822138555401e-10,1.20613403402187e-9
shallow,list-d16-w4,list,16,4,4,2,shallow/list-d16-w4,1.3167060666344815e-6,1.3131591398150622e-6,1.3273760272085003e-6,1.128541157393469e-8,4.459293115450516e-9,1.934655050843354e-8
nested,list-d16-w16,list,16,16,4,1,nested/list-d16-w16,2.397619643807618e-6,2.396410937179021e-6,2.3996684313068652e-6,3.4503803213058386e-9,2.336426560432312e-9,4.484429738137651e-9
shallow,list-d16-w16,list,16,16,4,2,shallow/list-d16-w16,2.1202752548182043e-6,2.1182176786030352e-6,2.12279108780979e-6,4.710031812090072e-9,3.7540010300341476e-9,6.72575679113338e-9
nested,alternating-d1-w1,alternating,1,1,4,1,nested/alternating-d1-w1,3.694752280649947e-7,3.693364665769034e-7,3.6966917829795155e-7,3.552072215187814e-10,2.255482028007322e-10,5.297645803639755e-10
shallow,alternating-d1-w1,alternating,1,1,4,2,shallow/alternating-d1-w1,3.492467976052625e-7,3.488549100931831e-7,3.496252796210104e-7,8.267423344765289e-10,6.388089261922801e-10,1.1187904690250664e-9
nested,alternating-d1-w4,alternating,1,4,4,1,nested/alternating-d1-w4,3.9000419558116476e-7,3.896373553884458e-7,3.91279619001181e-7,1.315198194504183e-9,4.33464497521549e-10,2.3809310491124636e-9
shallow,alternating-d1-w4,alternating,1,4,4,2,shallow/alternating-d1-w4,3.5883800282235386e-7,3.586318173507351e-7,3.591052162023013e-7,5.034254760642705e-10,3.7853180096216676e-10,7.133117425930638e-10
nested,alternating-d1-w16,alternating,1,16,4,1,nested/alternating-d1-w16,4.699902905880793e-7,4.6984771240094336e-7,4.7017599334972727e-7,3.7133844951338836e-10,2.5657917528006123e-10,5.900005195774214e-10
shallow,alternating-d1-w16,alternating,1,16,4,2,shallow/alternating-d1-w16,3.954821523566876e-7,3.943101762170282e-7,3.993833364369965e-7,4.1217233245043024e-9,1.5316793066526414e-9,7.90014839386139e-9
nested,alternating-d4-w1,alternating,4,1,4,1,nested/alternating-d4-w1,4.770744908195855e-7,4.7676962042701197e-7,4.772957173595341e-7,5.609177384155773e-10,3.8291784825391855e-10,7.038202860907285e-10
shallow,alternating-d4-w1,alternating,4,1,4,2,shallow/alternating-d4-w1,5.852142278825077e-7,5.826795320622013e-7,5.873057702932431e-7,5.195675973799106e-9,4.63692598633799e-9,5.90532729501404e-9
nested,alternating-d4-w4,alternating,4,4,4,1,nested/alternating-d4-w4,5.711391057318337e-7,5.70675314287457e-7,5.717257331992087e-7,1.1035675856169213e-9,8.177291618884884e-10,1.5073661033265248e-9
shallow,alternating-d4-w4,alternating,4,4,4,2,shallow/alternating-d4-w4,6.363626856989335e-7,6.355105506525113e-7,6.372713276099744e-7,1.9460507887457588e-9,1.5567376467549039e-9,2.600536278738709e-9
nested,alternating-d4-w16,alternating,4,16,4,1,nested/alternating-d4-w16,8.803074787221858e-7,8.797484578920374e-7,8.812669084937981e-7,1.4904044182535008e-9,9.892229153792595e-10,1.970682121987554e-9
shallow,alternating-d4-w16,alternating,4,16,4,2,shallow/alternating-d4-w16,8.018858443636864e-7,8.014301374938378e-7,8.023084117641561e-7,9.426250968606037e-10,7.456051159468701e-10,1.3168510248426957e-9
nested,alternating-d16-w1,alternating,16,1,4,1,nested/alternating-d16-w1,9.985945078944672e-7,9.983202873209891e-7,9.98817439872117e-7,5.481432989539132e-10,4.2555048086455647e-10,7.317685684354509e-10
shallow,alternating-d16-w1,alternating,16,1,4,2,shallow/alternating-d16-w1,1.5439171659490717e-6,1.542175445132968e-6,1.5459615070977695e-6,3.95129382539363e-9,2.4976761301650957e-9,6.030682750888293e-9
nested,alternating-d16-w4,alternating,16,4,4,1,nested/alternating-d16-w4,1.3819148756451927e-6,1.3814621220212246e-6,1.3823592304447787e-6,9.681294650603474e-10,7.206450846505452e-10,1.3197037499932976e-9
shallow,alternating-d16-w4,alternating,16,4,4,2,shallow/alternating-d16-w4,1.763413643371052e-6,1.7590883368610398e-6,1.7674535576642972e-6,9.211821317151996e-9,8.407171171015206e-9,1.0382982440548626e-8
nested,alternating-d16-w16,alternating,16,16,4,1,nested/alternating-d16-w16,2.712657234835741e-6,2.7118797197942726e-6,2.713612456981046e-6,1.9955833260728955e-9,1.5122247138470477e-9,2.681198939717695e-9
shallow,alternating-d16-w16,alternating,16,16,4,2,shallow/alternating-d16-w16,2.6690333459645528e-6,2.6679456015499777e-6,2.670254968325451e-6,2.44080422962726e-9,1.9482259294245113e-9,3.246564174335873e-9
shallow,constr-d1-w1,constr,1,1,5,1,shallow/constr-d1-w1,3.5076424295404056e-7,3.50406390965572e-7,3.5125214272752953e-7,8.872032317936118e-10,6.893652318457995e-10,1.0831686694027214e-9
nested,constr-d1-w1,constr,1,1,5,2,nested/constr-d1-w1,3.688985806327743e-7,3.6861899195923746e-7,3.6908286725387853e-7,4.752271615669988e-10,3.394582848397789e-10,6.759108121660918e-10
shallow,constr-d1-w4,constr,1,4,5,1,shallow/constr-d1-w4,3.60711829565624e-7,3.6044746738569677e-7,3.6107700541974335e-7,6.788333497874356e-10,5.387723291391316e-10,8.931145786755468e-10
nested,constr-d1-w4,constr,1,4,5,2,nested/constr-d1-w4,3.906402633116707e-7,3.9028154916693657e-7,3.915218549226612e-7,1.0843472761000553e-9,2.6469099749506844e-10,1.948571871539887e-9
shallow,constr-d1-w16,constr,1,16,5,1,shallow/constr-d1-w16,3.9706694387429065e-7,3.9687518722927483e-7,3.9737029747631514e-7,5.300525554094047e-10,3.596224460623538e-10,7.736067419098345e-10
nested,constr-d1-w16,constr,1,16,5,2,nested/constr-d1-w16,4.6830889240348816e-7,4.6810825866334656e-7,4.685295798397524e-7,4.677286236511355e-10,3.1757086651698193e-10,6.957839771021173e-10
shallow,constr-d4-w1,constr,4,1,5,1,shallow/constr-d4-w1,5.445065184689282e-7,5.440548656021355e-7,5.448643945173916e-7,8.67308785441293e-10,6.150997164152222e-10,1.1441243255182265e-9
nested,constr-d4-w1,constr,4,1,5,2,nested/constr-d4-w1,4.4470274856924e-7,4.4222809570968103e-7,4.5289128495580714e-7,8.317613294631685e-9,1.2469802883176222e-9,1.5092767901825884e-8
shallow,constr-d4-w4,constr,4,4,5,1,shallow/constr-d4-w4,5.89211734831975e-7,5.886904000963245e-7,5.898576374217299e-7,1.2286906296146816e-9,9.505428036817815e-10,1.6617107040676982e-9
nested,constr-d4-w4,constr,4,4,5,2,nested/constr-d4-w4,5.242915321828995e-7,5.240705862488283e-7,5.245756230768519e-7,5.449397320452127e-10,4.369268787496912e-10,6.630181866550035e-10
shallow,constr-d4-w16,constr,4,16,5,1,shallow/constr-d4-w16,7.314058206075566e-7,7.310404488355997e-7,7.319410752766993e-7,9.636367661248361e-10,6.162650367109973e-10,1.5360091314357697e-9
nested,constr-d4-w16,constr,4,16,5,2,nested/constr-d4-w16,8.367233832463797e-7,8.364369452139145e-7,8.370690354220456e-7,7.098684176462206e-10,5.502717669803635e-10,9.20200131643395e-10
shallow,constr-d16-w1,constr,16,1,5,1,shallow/constr-d16-w1,1.2276480786956313e-6,1.2263199776401925e-6,1.2287057631618528e-6,2.4709175932785355e-9,1.6016354394041427e-9,3.8851426297144945e-9
nested,constr-d16-w1,constr,16,1,5,2,nested/constr-d16-w1,8.317916837858219e-7,8.31382157572616e-7,8.32150746766716e-7,7.854698568539934e-10,6.031266016381103e-10,1.024455053147874e-9
shallow,constr-d16-w4,constr,16,4,5,1,shallow/constr-d16-w4,1.4078505472534627e-6,1.405649289478073e-6,1.4103801339623646e-6,5.042510523747174e-9,3.801514372739168e-9,6.0560571725738505e-9
nested,constr-d16-w4,constr,16,4,5,2,nested/constr-d16-w4,1.1262933318408642e-6,1.1243742485308344e-6,1.1277442118013217e-6,3.6755493311761535e-9,2.855081144568087e-9,4.2587935648138095e-9
shallow,constr-d16-w16,constr,16,16,5,1,shallow/constr-d16-w16,2.1545457809073463e-6,2.1528689535084066e-6,2.1561383418185752e-6,3.57174839747342e-9,2.7360431387439853e-9,4.923298458537933e-9
nested,constr-d16-w16,constr,16,16,5,2,nested/constr-d16-w16,2.4550855094665113e-6,2.454372910029869e-6,2.455640200779479e-6,1.3618211697748253e-9,9.857540724014794e-10,1.960931153288409e-9
shallow,list-d1-w1,list,1,1,5,1,shallow/list-d1-w1,3.471841069221665e-7,3.469595168649437e-7,3.4745552663548174e-7,5.331922312996306e-10,4.0745558776303133e-10,6.752631037459718e-10
nested,list-d1-w1,list,1,1,5,2,nested/list-d1-w1,3.629524371589859e-7,3.627499097255372e-7,3.631705329472752e-7,4.338838119001845e-10,3.224649472208894e-10,6.142512163824961e-10
shallow,list-d1-w4,list,1,4,5,1,shallow/list-d1-w4,3.547190216797564e-7,3.5429434017125995e-7,3.551280861207415e-7,9.42816849460232e-10,7.698813786428455e-10,1.198033753938842e-9
nested,list-d1-w4,list,1,4,5,2,nested/list-d1-w4,3.850029043907063e-7,3.848231808865557e-7,3.852267901605132e-7,4.0872261251363195e-10,3.11089844551835e-10,5.867040635446749e-10
shallow,list-d1-w16,list,1,16,5,1,shallow/list-d1-w16,3.90873013281764e-7,3.9049747169389537e-7,3.918457004462991e-7,1.1820465853014154e-9,5.604147456691669e-10,2.110972126958206e-9
nested,list-d1-w16,list,1,16,5,2,nested/list-d1-w16,4.600483857604349e-7,4.597959034211896e-7,4.603239726549668e-7,5.594518410338207e-10,4.15119872008858e-10,7.131938557615603e-10
shallow,list-d4-w1,list,4,1,5,1,shallow/list-d4-w1,5.200056241787925e-7,5.194482752190559e-7,5.203773136870116e-7,1.0200529074665658e-9,6.830470725388111e-10,1.5903129608826987e-9
nested,list-d4-w1,list,4,1,5,2,nested/list-d4-w1,4.3219896048850545e-7,4.319217741695331e-7,4.3251185027337034e-7,6.455732382308542e-10,4.5986610286926965e-10,8.926660659245478e-10
shallow,list-d4-w4,list,4,4,5,1,shallow/list-d4-w4,5.708555424275904e-7,5.698983708320496e-7,5.716619327122077e-7,1.962838727209443e-9,1.451276243773561e-9,2.6128849106385693e-9
nested,list-d4-w4,list,4,4,5,2,nested/list-d4-w4,5.07512551047413e-7,5.059995209304818e-7,5.142356088951271e-7,5.786577052924497e-9,1.0760184069612758e-9,1.1669099151403128e-8
shallow,list-d4-w16,list,4,16,5,1,shallow/list-d4-w16,7.095489839276002e-7,7.086018719017352e-7,7.119618474984998e-7,2.9717454696317442e-9,1.3606779257108505e-9,4.370329922859406e-9
nested,list-d4-w16,list,4,16,5,2,nested/list-d4-w16,8.15752303891961e-7,8.153971639880891e-7,8.161576602581086e-7,8.04093101678755e-10,6.322455351224119e-10,1.0066808657441858e-9
shallow,list-d16-w1,list,16,1,5,1,shallow/list-d16-w1,1.1758487716248547e-6,1.1737677186457746e-6,1.1788805323802942e-6,5.134674238491381e-9,3.4745005334384356e-9,6.416953630525516e-9
nested,list-d16-w1,list,16,1,5,2,nested/list-d16-w1,7.6698243013377e-7,7.663638398018454e-7,7.675283100924941e-7,1.259346707598509e-9,1.0188841825760841e-9,1.5353195844488307e-9
shallow,list-d16-w4,list,16,4,5,1,shallow/list-d16-w4,1.3271837090615565e-6,1.325940567148454e-6,1.3284911415705205e-6,2.590568078253767e-9,2.0343127722955403e-9,3.2357720704086808e-9
nested,list-d16-w4,list,16,4,5,2,nested/list-d16-w4,1.0694456726490663e-6,1.0688509062189056e-6,1.070497361710163e-6,1.6112854314649592e-9,7.450230861693538e-10,2.4609048958880074e-9
shallow,list-d16-w16,list,16,16,5,1,shallow/list-d16-w16,2.1136475177828828e-6,2.1107732086927823e-6,2.1157592582379853e-6,5.2036270077670175e-9,3.5740803565724945e-9,7.2759675760582114e-9
nested,list-d16-w16,list,16,16,5,2,nested/list-d16-w16,2.400610678682405e-6,2.3996260448957453e-6,2.401995400577092e-6,2.4541658109975655e-9,1.648175933729744e-9,3.3790639622072078e-9
shallow,alternating-d1-w1,alternating,1,1,5,1,shallow/alternating-d1-w1,3.495667615161959e-7,3.4922680858439776e-7,3.499359757419239e-7,7.539830120104718e-10,5.684113802000038e-10,1.00423170943024e-9
nested,alternating-d1-w1,alternating,1,1,5,2,nested/alternating-d1-w1,3.6807420841217365e-7,3.678634757739439e-7,3.683267996089717e-7,4.959361885350495e-10,3.8274149226294094e-10,7.145459635136234e-10
shallow,alternating-d1-w4,alternating,1,4,5,1,shallow/alternating-d1-w4,3.6991320305890906e-7,3.6960760309752793e-7,3.7029073714530574e-7,7.150258665840633e-10,5.447548401032159e-10,1.0157579767186547e-9
nested,alternating-d1-w4,alternating,1,4,5,2,nested/alternating-d1-w4,3.9046598129595777e-7,3.9031926962705877e-7,3.9063854280438914e-7,3.540110582729958e-10,2.5446707175843035e-10,5.165313169657897e-10
shallow,alternating-d1-w16,alternating,1,16,5,1,shallow/alternating-d1-w16,3.9465758181708533e-7,3.9448263558702215e-7,3.9489461655816144e-7,4.4115933400290795e-10,3.4633748097305263e-10,5.723054032467321e-10
nested,alternating-d1-w16,alternating,1,16,5,2,nested/alternating-d1-w16,4.652731235369149e-7,4.650494304838734e-7,4.654450711215631e-7,4.2664150610415953e-10,3.290113719120098e-10,5.65896797341457e-10
shallow,alternating-d4-w1,alternating,4,1,5,1,shallow/alternating-d4-w1,5.732732229038305e-7,5.72308151448982e-7,5.741297030371437e-7,2.0272730743426945e-9,1.7039530854430705e-9,2.4845271288332904e-9
nested,alternating-d4-w1,alternating,4,1,5,2,nested/alternating-d4-w1,4.6253182345129904e-7,4.620221522515928e-7,4.6310600899077353e-7,1.2043178601271379e-9,9.432804646151153e-10,1.5060416201622979e-9
shallow,alternating-d4-w4,alternating,4,4,5,1,shallow/alternating-d4-w4,6.226367785402067e-7,6.216510459962313e-7,6.247345388737663e-7,2.985574404145435e-9,1.5473206126685554e-9,4.838373814535752e-9
nested,alternating-d4-w4,alternating,4,4,5,2,nested/alternating-d4-w4,5.774274612831375e-7,5.766554886713385e-7,5.782579327766543e-7,1.714191078001222e-9,1.4143900716204822e-9,2.1798149471812357e-9
shallow,alternating-d4-w16,alternating,4,16,5,1,shallow/alternating-d4-w16,7.963249378599444e-7,7.954971583402432e-7,7.97070788223243e-7,1.6815538467951673e-9,1.282588639101498e-9,2.1258241775915925e-9
nested,alternating-d4-w16,alternating,4,16,5,2,nested/alternating-d4-w16,8.865256997569368e-7,8.827899452702078e-7,9.002571151443042e-7,1.3607404212186527e-8,9.196594872313571e-10,2.6079081493471688e-8
shallow,alternating-d16-w1,alternating,16,1,5,1,shallow/alternating-d16-w1,1.5371560321591217e-6,1.5346277893053848e-6,1.539043045972189e-6,4.546823962896205e-9,3.241635984750558e-9,6.3710406811481115e-9
nested,alternating-d16-w1,alternating,16,1,5,2,nested/alternating-d16-w1,1.0026476418762165e-6,1.002176793171011e-6,1.0031779639555887e-6,1.078273509231276e-9,7.057575128853853e-10,1.7980459402213688e-9
shallow,alternating-d16-w4,alternating,16,4,5,1,shallow/alternating-d16-w4,1.7751359815655507e-6,1.772637844659461e-6,1.776873727787234e-6,4.426863338780895e-9,3.3028881103421033e-9,5.716508480063228e-9
nested,alternating-d16-w4,alternating,16,4,5,2,nested/alternating-d16-w4,1.3890755061934296e-6,1.3882125609670198e-6,1.3897018261037493e-6,1.5640068439341937e-9,1.126918198277335e-9,2.2091874414383063e-9
shallow,alternating-d16-w16,alternating,16,16,5,1,shallow/alternating-d16-w16,2.664646655546648e-6,2.6491405880496777e-6,2.690489233016975e-6,4.353139442780206e-8,2.6047588857114112e-8,7.217477014391694e-8
nested,alternating-d16-w16,alternating,16,16,5,2,nested/alternating-d16-w16,2.7062237224665766e-6,2.705360896817256e-6,2.707227377359347e-6,1.971365677464086e-9,1.455857668524336e-9,2.688408618676301e-9
